date;SBWMEU1L;id
31/01/1998;100.3608;16
28/02/1998;100.6894;16
31/03/1998;101.0527;16
30/04/1998;101.4131;16
31/05/1998;101.7791;16
30/06/1998;102.1319;16
31/07/1998;102.4942;16
31/08/1998;102.8499;16
30/09/1998;103.1979;16
31/10/1998;103.5587;16
30/11/1998;103.8952;16
31/12/1998;104.2442;16
31/01/1999;104.5314;16
28/02/1999;104.7753;16
31/03/1999;105.0532;16
30/04/1999;105.3071;16
31/05/1999;105.5365;16
30/06/1999;105.759;16
31/07/1999;105.9958;16
31/08/1999;106.2331;16
30/09/1999;106.4606;16
31/10/1999;106.6926;16
30/11/1999;106.9371;16
31/12/1999;107.2575;16
31/01/2000;107.5429;16
29/02/2000;107.8262;16
31/03/2000;108.1419;16
30/04/2000;108.4717;16
31/05/2000;108.8351;16
30/06/2000;109.2142;16
31/07/2000;109.627;16
31/08/2000;110.0386;16
30/09/2000;110.465;16
31/10/2000;110.9169;16
30/11/2000;111.3707;16
31/12/2000;111.8397;16
31/01/2001;112.3058;16
28/02/2001;112.7216;16
31/03/2001;113.1855;16
30/04/2001;113.6185;16
31/05/2001;114.0832;16
30/06/2001;114.5139;16
31/07/2001;114.9546;16
31/08/2001;115.3961;16
30/09/2001;115.8058;16
31/10/2001;116.1708;16
30/11/2001;116.5154;16
31/12/2001;116.8576;16
31/01/2002;117.1856;16
28/02/2002;117.4864;16
31/03/2002;117.8152;16
30/04/2002;118.1372;16
31/05/2002;118.4709;16
30/06/2002;118.8006;16
31/07/2002;119.1392;16
31/08/2002;119.4788;16
30/09/2002;119.8024;16
31/10/2002;120.1336;16
30/11/2002;120.4549;16
31/12/2002;120.7796;16
31/01/2003;121.0729;16
28/02/2003;121.3318;16
31/03/2003;121.5962;16
30/04/2003;121.8505;16
31/05/2003;122.1149;16
30/06/2003;122.3449;16
31/07/2003;122.5672;16
31/08/2003;122.7857;16
30/09/2003;122.9944;16
31/10/2003;123.2126;16
30/11/2003;123.422;16
31/12/2003;123.642;16
31/01/2004;123.8603;16
29/02/2004;124.0589;16
31/03/2004;124.2789;16
30/04/2004;124.4798;16
31/05/2004;124.6942;16
30/06/2004;124.9031;16
31/07/2004;125.1193;16
31/08/2004;125.3391;16
30/09/2004;125.5501;16
31/10/2004;125.7695;16
30/11/2004;125.9812;16
31/12/2004;126.2112;16
31/01/2005;126.4362;16
28/02/2005;126.6378;16
31/03/2005;126.8624;16
30/04/2005;127.0821;16
31/05/2005;127.3064;16
30/06/2005;127.525;16
31/07/2005;127.7501;16
31/08/2005;127.9778;16
30/09/2005;128.1975;16
31/10/2005;128.426;16
30/11/2005;128.6476;16
31/12/2005;128.9046;16
31/01/2006;129.1599;16
28/02/2006;129.3929;16
31/03/2006;129.6771;16
30/04/2006;129.9591;16
31/05/2006;130.249;16
30/06/2006;130.5474;16
31/07/2006;130.8701;16
31/08/2006;131.207;16
30/09/2006;131.5394;16
31/10/2006;131.9064;16
30/11/2006;132.2692;16
31/12/2006;132.6701;16
31/01/2007;133.0779;16
28/02/2007;133.4464;16
31/03/2007;133.8739;16
30/04/2007;134.2989;16
31/05/2007;134.743;16
30/06/2007;135.1899;16
31/07/2007;135.6602;16
31/08/2007;136.1333;16
30/09/2007;136.6325;16
31/10/2007;137.1384;16
30/11/2007;137.6047;16
31/12/2007;138.1592;16
31/01/2008;138.6565;16
29/02/2008;139.1122;16
31/03/2008;139.6046;16
30/04/2008;140.099;16
31/05/2008;140.619;16
30/06/2008;141.1369;16
31/07/2008;141.6705;16
31/08/2008;142.2072;16
30/09/2008;142.7358;16
31/10/2008;143.3466;16
30/11/2008;143.883;16
31/12/2008;144.3129;16
31/01/2009;144.636;16
28/02/2009;144.771;16
31/03/2009;144.8857;16
30/04/2009;145.0052;16
31/05/2009;145.1139;16
30/06/2009;145.1985;16
31/07/2009;145.2673;16
31/08/2009;145.3173;16
30/09/2009;145.3573;16
31/10/2009;145.3886;16
30/11/2009;145.4165;16
31/12/2009;145.4478;16
31/01/2010;145.4816;16
28/02/2010;145.511;16
31/03/2010;145.5423;16
30/04/2010;145.5726;16
31/05/2010;145.6015;16
30/06/2010;145.633;16
31/07/2010;145.6681;16
31/08/2010;145.7208;16
30/09/2010;145.7742;16
31/10/2010;145.8358;16
30/11/2010;145.9257;16
31/12/2010;146.0199;16
31/01/2011;146.113;16
28/02/2011;146.2016;16
31/03/2011;146.3011;16
30/04/2011;146.4035;16
31/05/2011;146.5434;16
30/06/2011;146.6826;16
31/07/2011;146.8355;16
31/08/2011;146.9999;16
30/09/2011;147.1432;16
31/10/2011;147.2889;16
30/11/2011;147.4313;16
31/12/2011;147.5582;16
31/01/2012;147.6738;16
29/02/2012;147.7476;16
31/03/2012;147.7985;16
30/04/2012;147.8281;16
31/05/2012;147.8548;16
30/06/2012;147.8881;16
31/07/2012;147.9263;16
31/08/2012;147.939;16
30/09/2012;147.9402;16
31/10/2012;147.9555;16
30/11/2012;147.9691;16
31/12/2012;147.9704;16
31/01/2013;147.964;16
28/02/2013;147.9663;16
31/03/2013;147.9676;16
30/04/2013;147.9688;16
31/05/2013;147.9701;16
30/06/2013;147.9713;16
31/07/2013;147.9726;16
31/08/2013;147.9738;16
30/09/2013;147.9751;16
31/10/2013;147.984;16
30/11/2013;147.9939;16
31/12/2013;148.0092;16
31/01/2014;148.0385;16
28/02/2014;148.05;16
31/03/2014;148.0602;16
30/04/2014;148.0787;16
31/05/2014;148.0965;16
30/06/2014;148.1101;16
31/07/2014;148.1241;16
31/08/2014;148.1356;16
30/09/2014;148.143;16
31/10/2014;148.1405;16
30/11/2014;148.1417;16
31/12/2014;148.1443;16
31/01/2015;148.1455;16
28/02/2015;148.1409;16
31/03/2015;148.1307;16
30/04/2015;148.1172;16
31/05/2015;148.1006;16
30/06/2015;148.0821;16
31/07/2015;148.0617;16
31/08/2015;148.0413;16
30/09/2015;148.0166;16
31/10/2015;147.9873;16
30/11/2015;147.9638;16
31/12/2015;147.9294;16
31/01/2016;147.8887;16
29/02/2016;147.8517;16
31/03/2016;147.8072;16
30/04/2016;147.7542;16
31/05/2016;147.697;16
30/06/2016;147.6453;16
31/07/2016;147.5893;16
31/08/2016;147.5309;16
30/09/2016;147.4719;16
31/10/2016;147.4147;16
30/11/2016;147.3594;16
31/12/2016;147.2998;16
31/01/2017;147.2427;16
28/02/2017;147.1992;16
31/03/2017;147.1396;16
30/04/2017;147.0832;16
31/05/2017;147.0224;16
30/06/2017;146.9661;16
31/07/2017;146.9078;16
31/08/2017;146.8459;16
30/09/2017;146.7883;16
31/10/2017;146.7302;16
30/11/2017;146.6715;16
31/12/2017;146.6121;16
31/01/2018;146.5528;16
28/02/2018;146.4992;16
31/03/2018;146.4399;16
30/04/2018;146.3826;16
31/05/2018;146.3233;16
30/06/2018;146.266;16
31/07/2018;146.2068;16
31/08/2018;146.1489;16
30/09/2018;146.0917;16
31/10/2018;146.0338;16
30/11/2018;145.9742;16
31/12/2018;145.9176;16
31/01/2019;145.8623;16
28/02/2019;145.8079;16
31/03/2019;145.7526;16
30/04/2019;145.698;16
31/05/2019;145.6415;16
30/06/2019;145.5869;16
31/07/2019;145.528;16
31/08/2019;145.4691;16
30/09/2019;145.4085;16
31/10/2019;145.3446;16
30/11/2019;145.284;16
31/12/2019;145.2202;16
31/01/2020;145.1552;16
29/02/2020;145.0932;16
31/03/2020;145.032;16
30/04/2020;144.9631;16
31/05/2020;144.907;16
30/06/2020;144.8502;16
31/07/2020;144.7716;16
31/08/2020;144.6931;16
30/09/2020;144.6159;16
31/10/2020;144.5362;16
30/11/2020;144.4652;16
31/12/2020;144.3905;16
31/01/2021;144.3172;16
28/02/2021;144.2498;16
31/03/2021;144.1765;16
30/04/2021;144.102;16
31/05/2021;144.0239;16
30/06/2021;143.9482;16
31/07/2021;143.8751;16
31/08/2021;143.7983;16
