dates;value;id
31/01/1947;21.48;1
28/02/1947;21.62;1
31/03/1947;22;1
30/04/1947;22;1
31/05/1947;21.95;1
30/06/1947;22.08;1
31/07/1947;22.23;1
31/08/1947;22.4;1
30/09/1947;22.84;1
31/10/1947;22.91;1
30/11/1947;23.06;1
31/12/1947;23.41;1
31/01/1948;23.68;1
29/02/1948;23.67;1
31/03/1948;23.5;1
30/04/1948;23.82;1
31/05/1948;24.01;1
30/06/1948;24.15;1
31/07/1948;24.4;1
31/08/1948;24.43;1
30/09/1948;24.36;1
31/10/1948;24.31;1
30/11/1948;24.16;1
31/12/1948;24.05;1
31/01/1949;24.01;1
28/02/1949;23.91;1
31/03/1949;23.91;1
30/04/1949;23.92;1
31/05/1949;23.91;1
30/06/1949;23.92;1
31/07/1949;23.7;1
31/08/1949;23.7;1
30/09/1949;23.75;1
31/10/1949;23.67;1
30/11/1949;23.7;1
31/12/1949;23.61;1
31/01/1950;23.51;1
28/02/1950;23.61;1
31/03/1950;23.64;1
30/04/1950;23.65;1
31/05/1950;23.77;1
30/06/1950;23.88;1
31/07/1950;24.07;1
31/08/1950;24.2;1
30/09/1950;24.34;1
31/10/1950;24.5;1
30/11/1950;24.6;1
31/12/1950;24.98;1
31/01/1951;25.38;1
28/02/1951;25.83;1
31/03/1951;25.88;1
30/04/1951;25.92;1
31/05/1951;25.99;1
30/06/1951;25.93;1
31/07/1951;25.91;1
31/08/1951;25.86;1
30/09/1951;26.03;1
31/10/1951;26.16;1
30/11/1951;26.32;1
31/12/1951;26.47;1
31/01/1952;26.45;1
29/02/1952;26.41;1
31/03/1952;26.39;1
30/04/1952;26.46;1
31/05/1952;26.47;1
30/06/1952;26.53;1
31/07/1952;26.68;1
31/08/1952;26.69;1
30/09/1952;26.63;1
31/10/1952;26.69;1
30/11/1952;26.69;1
31/12/1952;26.71;1
31/01/1953;26.64;1
28/02/1953;26.59;1
31/03/1953;26.63;1
30/04/1953;26.69;1
31/05/1953;26.7;1
30/06/1953;26.77;1
31/07/1953;26.79;1
31/08/1953;26.85;1
30/09/1953;26.89;1
31/10/1953;26.95;1
30/11/1953;26.85;1
31/12/1953;26.87;1
31/01/1954;26.94;1
28/02/1954;26.99;1
31/03/1954;26.93;1
30/04/1954;26.86;1
31/05/1954;26.93;1
30/06/1954;26.94;1
31/07/1954;26.86;1
31/08/1954;26.85;1
30/09/1954;26.81;1
31/10/1954;26.72;1
30/11/1954;26.78;1
31/12/1954;26.77;1
31/01/1955;26.77;1
28/02/1955;26.82;1
31/03/1955;26.79;1
30/04/1955;26.79;1
31/05/1955;26.77;1
30/06/1955;26.71;1
31/07/1955;26.76;1
31/08/1955;26.72;1
30/09/1955;26.85;1
31/10/1955;26.82;1
30/11/1955;26.88;1
31/12/1955;26.87;1
31/01/1956;26.83;1
29/02/1956;26.86;1
31/03/1956;26.89;1
30/04/1956;26.93;1
31/05/1956;27.03;1
30/06/1956;27.15;1
31/07/1956;27.29;1
31/08/1956;27.31;1
30/09/1956;27.35;1
31/10/1956;27.51;1
30/11/1956;27.51;1
31/12/1956;27.63;1
31/01/1957;27.67;1
28/02/1957;27.8;1
31/03/1957;27.86;1
30/04/1957;27.93;1
31/05/1957;28;1
30/06/1957;28.11;1
31/07/1957;28.19;1
31/08/1957;28.28;1
30/09/1957;28.32;1
31/10/1957;28.32;1
30/11/1957;28.41;1
31/12/1957;28.47;1
31/01/1958;28.64;1
28/02/1958;28.7;1
31/03/1958;28.87;1
30/04/1958;28.94;1
31/05/1958;28.94;1
30/06/1958;28.91;1
31/07/1958;28.89;1
31/08/1958;28.94;1
30/09/1958;28.91;1
31/10/1958;28.91;1
30/11/1958;28.95;1
31/12/1958;28.97;1
31/01/1959;29.01;1
28/02/1959;29;1
31/03/1959;28.97;1
30/04/1959;28.98;1
31/05/1959;29.04;1
30/06/1959;29.11;1
31/07/1959;29.15;1
31/08/1959;29.18;1
30/09/1959;29.25;1
31/10/1959;29.35;1
30/11/1959;29.35;1
31/12/1959;29.41;1
31/01/1960;29.37;1
29/02/1960;29.41;1
31/03/1960;29.41;1
30/04/1960;29.54;1
31/05/1960;29.57;1
30/06/1960;29.61;1
31/07/1960;29.55;1
31/08/1960;29.61;1
30/09/1960;29.61;1
31/10/1960;29.75;1
30/11/1960;29.78;1
31/12/1960;29.81;1
31/01/1961;29.84;1
28/02/1961;29.84;1
31/03/1961;29.84;1
30/04/1961;29.81;1
31/05/1961;29.84;1
30/06/1961;29.84;1
31/07/1961;29.92;1
31/08/1961;29.94;1
30/09/1961;29.98;1
31/10/1961;29.98;1
30/11/1961;29.98;1
31/12/1961;30.01;1
31/01/1962;30.04;1
28/02/1962;30.11;1
31/03/1962;30.17;1
30/04/1962;30.21;1
31/05/1962;30.24;1
30/06/1962;30.21;1
31/07/1962;30.22;1
31/08/1962;30.28;1
30/09/1962;30.42;1
31/10/1962;30.38;1
30/11/1962;30.38;1
31/12/1962;30.38;1
31/01/1963;30.44;1
28/02/1963;30.48;1
31/03/1963;30.51;1
30/04/1963;30.48;1
31/05/1963;30.51;1
30/06/1963;30.61;1
31/07/1963;30.69;1
31/08/1963;30.75;1
30/09/1963;30.72;1
31/10/1963;30.75;1
30/11/1963;30.78;1
31/12/1963;30.88;1
31/01/1964;30.94;1
29/02/1964;30.91;1
31/03/1964;30.94;1
30/04/1964;30.95;1
31/05/1964;30.98;1
30/06/1964;31.01;1
31/07/1964;31.02;1
31/08/1964;31.05;1
30/09/1964;31.08;1
31/10/1964;31.12;1
30/11/1964;31.21;1
31/12/1964;31.25;1
31/01/1965;31.28;1
28/02/1965;31.28;1
31/03/1965;31.31;1
30/04/1965;31.38;1
31/05/1965;31.48;1
30/06/1965;31.61;1
31/07/1965;31.58;1
31/08/1965;31.55;1
30/09/1965;31.62;1
31/10/1965;31.65;1
30/11/1965;31.75;1
31/12/1965;31.85;1
31/01/1966;31.88;1
28/02/1966;32.08;1
31/03/1966;32.18;1
30/04/1966;32.28;1
31/05/1966;32.35;1
30/06/1966;32.38;1
31/07/1966;32.45;1
31/08/1966;32.65;1
30/09/1966;32.75;1
31/10/1966;32.85;1
30/11/1966;32.88;1
31/12/1966;32.92;1
31/01/1967;32.9;1
28/02/1967;33;1
31/03/1967;33;1
30/04/1967;33.1;1
31/05/1967;33.1;1
30/06/1967;33.3;1
31/07/1967;33.4;1
31/08/1967;33.5;1
30/09/1967;33.6;1
31/10/1967;33.7;1
30/11/1967;33.9;1
31/12/1967;34;1
31/01/1968;34.1;1
29/02/1968;34.2;1
31/03/1968;34.3;1
30/04/1968;34.4;1
31/05/1968;34.5;1
30/06/1968;34.7;1
31/07/1968;34.9;1
31/08/1968;35;1
30/09/1968;35.1;1
31/10/1968;35.3;1
30/11/1968;35.4;1
31/12/1968;35.6;1
31/01/1969;35.7;1
28/02/1969;35.8;1
31/03/1969;36.1;1
30/04/1969;36.3;1
31/05/1969;36.4;1
30/06/1969;36.6;1
31/07/1969;36.8;1
31/08/1969;36.9;1
30/09/1969;37.1;1
31/10/1969;37.3;1
30/11/1969;37.5;1
31/12/1969;37.7;1
31/01/1970;37.9;1
28/02/1970;38.1;1
31/03/1970;38.3;1
30/04/1970;38.5;1
31/05/1970;38.6;1
30/06/1970;38.8;1
31/07/1970;38.9;1
31/08/1970;39;1
30/09/1970;39.2;1
31/10/1970;39.4;1
30/11/1970;39.6;1
31/12/1970;39.8;1
31/01/1971;39.9;1
28/02/1971;39.9;1
31/03/1971;40;1
30/04/1971;40.1;1
31/05/1971;40.3;1
30/06/1971;40.5;1
31/07/1971;40.6;1
31/08/1971;40.7;1
30/09/1971;40.8;1
31/10/1971;40.9;1
30/11/1971;41;1
31/12/1971;41.1;1
31/01/1972;41.2;1
29/02/1972;41.4;1
31/03/1972;41.4;1
30/04/1972;41.5;1
31/05/1972;41.6;1
30/06/1972;41.7;1
31/07/1972;41.8;1
31/08/1972;41.9;1
30/09/1972;42.1;1
31/10/1972;42.2;1
30/11/1972;42.4;1
31/12/1972;42.5;1
31/01/1973;42.7;1
28/02/1973;43;1
31/03/1973;43.4;1
30/04/1973;43.7;1
31/05/1973;43.9;1
30/06/1973;44.2;1
31/07/1973;44.2;1
31/08/1973;45;1
30/09/1973;45.2;1
31/10/1973;45.6;1
30/11/1973;45.9;1
31/12/1973;46.3;1
31/01/1974;46.8;1
28/02/1974;47.3;1
31/03/1974;47.8;1
30/04/1974;48.1;1
31/05/1974;48.6;1
30/06/1974;49;1
31/07/1974;49.3;1
31/08/1974;49.9;1
30/09/1974;50.6;1
31/10/1974;51;1
30/11/1974;51.5;1
31/12/1974;51.9;1
31/01/1975;52.3;1
28/02/1975;52.6;1
31/03/1975;52.8;1
30/04/1975;53;1
31/05/1975;53.1;1
30/06/1975;53.5;1
31/07/1975;54;1
31/08/1975;54.2;1
30/09/1975;54.6;1
31/10/1975;54.9;1
30/11/1975;55.3;1
31/12/1975;55.6;1
31/01/1976;55.8;1
29/02/1976;55.9;1
31/03/1976;56;1
30/04/1976;56.1;1
31/05/1976;56.4;1
30/06/1976;56.7;1
31/07/1976;57;1
31/08/1976;57.3;1
30/09/1976;57.6;1
31/10/1976;57.9;1
30/11/1976;58.1;1
31/12/1976;58.4;1
31/01/1977;58.7;1
28/02/1977;59.3;1
31/03/1977;59.6;1
30/04/1977;60;1
31/05/1977;60.2;1
30/06/1977;60.5;1
31/07/1977;60.8;1
31/08/1977;61.1;1
30/09/1977;61.3;1
31/10/1977;61.6;1
30/11/1977;62;1
31/12/1977;62.3;1
31/01/1978;62.7;1
28/02/1978;63;1
31/03/1978;63.4;1
30/04/1978;63.9;1
31/05/1978;64.5;1
30/06/1978;65;1
31/07/1978;65.5;1
31/08/1978;65.9;1
30/09/1978;66.5;1
31/10/1978;67.1;1
30/11/1978;67.5;1
31/12/1978;67.9;1
31/01/1979;68.5;1
28/02/1979;69.2;1
31/03/1979;69.9;1
30/04/1979;70.6;1
31/05/1979;71.4;1
30/06/1979;72.2;1
31/07/1979;73;1
31/08/1979;73.7;1
30/09/1979;74.4;1
31/10/1979;75.2;1
30/11/1979;76;1
31/12/1979;76.9;1
31/01/1980;78;1
29/02/1980;79;1
31/03/1980;80.1;1
30/04/1980;80.9;1
31/05/1980;81.7;1
30/06/1980;82.5;1
31/07/1980;82.6;1
31/08/1980;83.2;1
30/09/1980;83.9;1
31/10/1980;84.7;1
30/11/1980;85.6;1
31/12/1980;86.4;1
31/01/1981;87.2;1
28/02/1981;88;1
31/03/1981;88.6;1
30/04/1981;89.1;1
31/05/1981;89.7;1
30/06/1981;90.5;1
31/07/1981;91.5;1
31/08/1981;92.2;1
30/09/1981;93.1;1
31/10/1981;93.4;1
30/11/1981;93.8;1
31/12/1981;94.1;1
31/01/1982;94.4;1
28/02/1982;94.7;1
31/03/1982;94.7;1
30/04/1982;95;1
31/05/1982;95.9;1
30/06/1982;97;1
31/07/1982;97.5;1
31/08/1982;97.7;1
30/09/1982;97.7;1
31/10/1982;98.1;1
30/11/1982;98;1
31/12/1982;97.7;1
31/01/1983;97.9;1
28/02/1983;98;1
31/03/1983;98.1;1
30/04/1983;98.8;1
31/05/1983;99.2;1
30/06/1983;99.4;1
31/07/1983;99.8;1
31/08/1983;100.1;1
30/09/1983;100.4;1
31/10/1983;100.8;1
30/11/1983;101.1;1
31/12/1983;101.4;1
31/01/1984;102.1;1
29/02/1984;102.6;1
31/03/1984;102.9;1
30/04/1984;103.3;1
31/05/1984;103.5;1
30/06/1984;103.7;1
31/07/1984;104.1;1
31/08/1984;104.4;1
30/09/1984;104.7;1
31/10/1984;105.1;1
30/11/1984;105.3;1
31/12/1984;105.5;1
31/01/1985;105.7;1
28/02/1985;106.3;1
31/03/1985;106.8;1
30/04/1985;107;1
31/05/1985;107.2;1
30/06/1985;107.5;1
31/07/1985;107.7;1
31/08/1985;107.9;1
30/09/1985;108.1;1
31/10/1985;108.5;1
30/11/1985;109;1
31/12/1985;109.5;1
31/01/1986;109.9;1
28/02/1986;109.7;1
31/03/1986;109.1;1
30/04/1986;108.7;1
31/05/1986;109;1
30/06/1986;109.4;1
31/07/1986;109.5;1
31/08/1986;109.6;1
30/09/1986;110;1
31/10/1986;110.2;1
30/11/1986;110.4;1
31/12/1986;110.8;1
31/01/1987;111.4;1
28/02/1987;111.8;1
31/03/1987;112.2;1
30/04/1987;112.7;1
31/05/1987;113;1
30/06/1987;113.5;1
31/07/1987;113.8;1
31/08/1987;114.3;1
30/09/1987;114.7;1
31/10/1987;115;1
30/11/1987;115.4;1
31/12/1987;115.6;1
31/01/1988;116;1
29/02/1988;116.2;1
31/03/1988;116.5;1
30/04/1988;117.2;1
31/05/1988;117.5;1
30/06/1988;118;1
31/07/1988;118.5;1
31/08/1988;119;1
30/09/1988;119.5;1
31/10/1988;119.9;1
30/11/1988;120.3;1
31/12/1988;120.7;1
31/01/1989;121.2;1
28/02/1989;121.6;1
31/03/1989;122.2;1
30/04/1989;123.1;1
31/05/1989;123.7;1
30/06/1989;124.1;1
31/07/1989;124.5;1
31/08/1989;124.5;1
30/09/1989;124.8;1
31/10/1989;125.4;1
30/11/1989;125.9;1
31/12/1989;126.3;1
31/01/1990;127.5;1
28/02/1990;128;1
31/03/1990;128.6;1
30/04/1990;128.9;1
31/05/1990;129.1;1
30/06/1990;129.9;1
31/07/1990;130.5;1
31/08/1990;131.6;1
30/09/1990;132.5;1
31/10/1990;133.4;1
30/11/1990;133.7;1
31/12/1990;134.2;1
31/01/1991;134.7;1
28/02/1991;134.8;1
31/03/1991;134.8;1
30/04/1991;135.1;1
31/05/1991;135.6;1
30/06/1991;136;1
31/07/1991;136.2;1
31/08/1991;136.6;1
30/09/1991;137;1
31/10/1991;137.2;1
30/11/1991;137.8;1
31/12/1991;138.2;1
31/01/1992;138.3;1
29/02/1992;138.6;1
31/03/1992;139.1;1
30/04/1992;139.4;1
31/05/1992;139.7;1
30/06/1992;140.1;1
31/07/1992;140.5;1
31/08/1992;140.8;1
30/09/1992;141.1;1
31/10/1992;141.7;1
30/11/1992;142.1;1
31/12/1992;142.3;1
31/01/1993;142.8;1
28/02/1993;143.1;1
31/03/1993;143.3;1
30/04/1993;143.8;1
31/05/1993;144.2;1
30/06/1993;144.3;1
31/07/1993;144.5;1
31/08/1993;144.8;1
30/09/1993;145;1
31/10/1993;145.6;1
30/11/1993;146;1
31/12/1993;146.3;1
31/01/1994;146.3;1
28/02/1994;146.7;1
31/03/1994;147.1;1
30/04/1994;147.2;1
31/05/1994;147.5;1
30/06/1994;147.9;1
31/07/1994;148.4;1
31/08/1994;149;1
30/09/1994;149.3;1
31/10/1994;149.4;1
30/11/1994;149.8;1
31/12/1994;150.1;1
31/01/1995;150.5;1
28/02/1995;150.9;1
31/03/1995;151.2;1
30/04/1995;151.8;1
31/05/1995;152.1;1
30/06/1995;152.4;1
31/07/1995;152.6;1
31/08/1995;152.9;1
30/09/1995;153.1;1
31/10/1995;153.5;1
30/11/1995;153.7;1
31/12/1995;153.9;1
31/01/1996;154.7;1
29/02/1996;155;1
31/03/1996;155.5;1
30/04/1996;156.1;1
31/05/1996;156.4;1
30/06/1996;156.7;1
31/07/1996;157;1
31/08/1996;157.2;1
30/09/1996;157.7;1
31/10/1996;158.2;1
30/11/1996;158.7;1
31/12/1996;159.1;1
31/01/1997;159.4;1
28/02/1997;159.7;1
31/03/1997;159.8;1
30/04/1997;159.9;1
31/05/1997;159.9;1
30/06/1997;160.2;1
31/07/1997;160.4;1
31/08/1997;160.8;1
30/09/1997;161.2;1
31/10/1997;161.5;1
30/11/1997;161.7;1
31/12/1997;161.8;1
31/01/1998;162;1
28/02/1998;162;1
31/03/1998;162;1
30/04/1998;162.2;1
31/05/1998;162.6;1
30/06/1998;162.8;1
31/07/1998;163.2;1
31/08/1998;163.4;1
30/09/1998;163.5;1
31/10/1998;163.9;1
30/11/1998;164.1;1
31/12/1998;164.4;1
31/01/1999;164.7;1
28/02/1999;164.7;1
31/03/1999;164.8;1
30/04/1999;165.9;1
31/05/1999;166;1
30/06/1999;166;1
31/07/1999;166.7;1
31/08/1999;167.1;1
30/09/1999;167.8;1
31/10/1999;168.1;1
30/11/1999;168.4;1
31/12/1999;168.8;1
31/01/2000;169.3;1
29/02/2000;170;1
31/03/2000;171;1
30/04/2000;170.9;1
31/05/2000;171.2;1
30/06/2000;172.2;1
31/07/2000;172.7;1
31/08/2000;172.7;1
30/09/2000;173.6;1
31/10/2000;173.9;1
30/11/2000;174.2;1
31/12/2000;174.6;1
31/01/2001;175.6;1
28/02/2001;176;1
31/03/2001;176.1;1
30/04/2001;176.4;1
31/05/2001;177.3;1
30/06/2001;177.7;1
31/07/2001;177.4;1
31/08/2001;177.4;1
30/09/2001;178.1;1
31/10/2001;177.6;1
30/11/2001;177.5;1
31/12/2001;177.4;1
31/01/2002;177.7;1
28/02/2002;178;1
31/03/2002;178.5;1
30/04/2002;179.3;1
31/05/2002;179.5;1
30/06/2002;179.6;1
31/07/2002;180;1
31/08/2002;180.5;1
30/09/2002;180.8;1
31/10/2002;181.2;1
30/11/2002;181.5;1
31/12/2002;181.8;1
31/01/2003;182.6;1
28/02/2003;183.6;1
31/03/2003;183.9;1
30/04/2003;183.2;1
31/05/2003;182.9;1
30/06/2003;183.1;1
31/07/2003;183.7;1
31/08/2003;184.5;1
30/09/2003;185.1;1
31/10/2003;184.9;1
30/11/2003;185;1
31/12/2003;185.5;1
31/01/2004;186.3;1
29/02/2004;186.7;1
31/03/2004;187.1;1
30/04/2004;187.4;1
31/05/2004;188.2;1
30/06/2004;188.9;1
31/07/2004;189.1;1
31/08/2004;189.2;1
30/09/2004;189.8;1
31/10/2004;190.8;1
30/11/2004;191.7;1
31/12/2004;191.7;1
31/01/2005;191.6;1
28/02/2005;192.4;1
31/03/2005;193.1;1
30/04/2005;193.7;1
31/05/2005;193.6;1
30/06/2005;193.7;1
31/07/2005;194.9;1
31/08/2005;196.1;1
30/09/2005;198.8;1
31/10/2005;199.1;1
30/11/2005;198.1;1
31/12/2005;198.1;1
31/01/2006;199.3;1
28/02/2006;199.4;1
31/03/2006;199.7;1
30/04/2006;200.7;1
31/05/2006;201.3;1
30/06/2006;201.8;1
31/07/2006;202.9;1
31/08/2006;203.8;1
30/09/2006;202.8;1
31/10/2006;201.9;1
30/11/2006;202;1
31/12/2006;203.1;1
31/01/2007;203.437;1
28/02/2007;204.226;1
31/03/2007;205.288;1
30/04/2007;205.904;1
31/05/2007;206.755;1
30/06/2007;207.234;1
31/07/2007;207.603;1
31/08/2007;207.667;1
30/09/2007;208.547;1
31/10/2007;209.19;1
30/11/2007;210.834;1
31/12/2007;211.445;1
31/01/2008;212.174;1
29/02/2008;212.687;1
31/03/2008;213.448;1
30/04/2008;213.942;1
31/05/2008;215.208;1
30/06/2008;217.463;1
31/07/2008;219.016;1
31/08/2008;218.69;1
30/09/2008;218.877;1
31/10/2008;216.995;1
30/11/2008;213.153;1
31/12/2008;211.398;1
31/01/2009;211.933;1
28/02/2009;212.705;1
31/03/2009;212.495;1
30/04/2009;212.709;1
31/05/2009;213.022;1
30/06/2009;214.79;1
31/07/2009;214.726;1
31/08/2009;215.445;1
30/09/2009;215.861;1
31/10/2009;216.509;1
30/11/2009;217.234;1
31/12/2009;217.347;1
31/01/2010;217.488;1
28/02/2010;217.281;1
31/03/2010;217.353;1
30/04/2010;217.403;1
31/05/2010;217.29;1
30/06/2010;217.199;1
31/07/2010;217.605;1
31/08/2010;217.923;1
30/09/2010;218.275;1
31/10/2010;219.035;1
30/11/2010;219.59;1
31/12/2010;220.472;1
31/01/2011;221.187;1
28/02/2011;221.898;1
31/03/2011;223.046;1
30/04/2011;224.093;1
31/05/2011;224.806;1
30/06/2011;224.806;1
31/07/2011;225.395;1
31/08/2011;226.106;1
30/09/2011;226.597;1
31/10/2011;226.75;1
30/11/2011;227.169;1
31/12/2011;227.223;1
31/01/2012;227.842;1
29/02/2012;228.329;1
31/03/2012;228.807;1
30/04/2012;229.187;1
31/05/2012;228.713;1
30/06/2012;228.524;1
31/07/2012;228.59;1
31/08/2012;229.918;1
30/09/2012;231.015;1
31/10/2012;231.638;1
30/11/2012;231.249;1
31/12/2012;231.221;1
31/01/2013;231.679;1
28/02/2013;232.937;1
31/03/2013;232.282;1
30/04/2013;231.797;1
31/05/2013;231.893;1
30/06/2013;232.445;1
31/07/2013;232.9;1
31/08/2013;233.456;1
30/09/2013;233.544;1
31/10/2013;233.669;1
30/11/2013;234.1;1
31/12/2013;234.719;1
31/01/2014;235.288;1
28/02/2014;235.547;1
31/03/2014;236.028;1
30/04/2014;236.468;1
31/05/2014;236.918;1
30/06/2014;237.231;1
31/07/2014;237.498;1
31/08/2014;237.46;1
30/09/2014;237.477;1
31/10/2014;237.43;1
30/11/2014;236.983;1
31/12/2014;236.252;1
31/01/2015;234.747;1
28/02/2015;235.342;1
31/03/2015;235.976;1
30/04/2015;236.222;1
31/05/2015;237.001;1
30/06/2015;237.657;1
31/07/2015;238.034;1
31/08/2015;238.033;1
30/09/2015;237.498;1
31/10/2015;237.733;1
30/11/2015;238.017;1
31/12/2015;237.761;1
31/01/2016;237.652;1
29/02/2016;237.336;1
31/03/2016;238.08;1
30/04/2016;238.992;1
31/05/2016;239.557;1
30/06/2016;240.222;1
31/07/2016;240.101;1
31/08/2016;240.545;1
30/09/2016;241.176;1
31/10/2016;241.741;1
30/11/2016;242.026;1
31/12/2016;242.637;1
31/01/2017;243.62;1
28/02/2017;243.872;1
31/03/2017;243.766;1
30/04/2017;244.274;1
31/05/2017;244.069;1
30/06/2017;244.218;1
31/07/2017;244.28;1
31/08/2017;245.205;1
30/09/2017;246.551;1
31/10/2017;246.657;1
30/11/2017;247.378;1
31/12/2017;247.736;1
31/01/2018;248.721;1
28/02/2018;249.3;1
31/03/2018;249.517;1
30/04/2018;250.275;1
31/05/2018;250.786;1
30/06/2018;251.152;1
31/07/2018;251.345;1
31/08/2018;251.735;1
30/09/2018;252.183;1
31/10/2018;252.899;1
30/11/2018;252.822;1
31/12/2018;252.493;1
31/01/2019;252.441;1
28/02/2019;252.969;1
31/03/2019;254.147;1
30/04/2019;255.326;1
31/05/2019;255.371;1
30/06/2019;255.423;1
31/07/2019;255.925;1
31/08/2019;256.118;1
30/09/2019;256.532;1
31/10/2019;257.387;1
30/11/2019;257.989;1
31/12/2019;258.203;1
31/01/2020;258.687;1
29/02/2020;258.824;1
31/03/2020;257.989;1
30/04/2020;256.192;1
31/05/2020;255.942;1
30/06/2020;257.282;1
31/07/2020;258.604;1
31/08/2020;259.511;1
30/09/2020;260.149;1
31/10/2020;260.462;1
30/11/2020;260.927;1
31/12/2020;261.56;1
31/01/2021;262.231;1
28/02/2021;263.161;1
31/03/2021;264.793;1
30/04/2021;266.832;1
31/05/2021;268.551;1
30/06/2021;270.981;1
31/07/2021;272.265;1
